file;nodes;edges;lambda;source;target;k_desired;k_effective;success_rate;avg_bounces;avg_failed;avg_hops
Aarnet.graphml;19;24;1;5;3;1;1;0.4500;0.5500;3.0000;5.0000
Aarnet.graphml;19;24;1;5;3;2;1;0.8000;0.2000;1.9500;5.0000
Aarnet.graphml;19;24;1;5;3;3;1;0.6500;0.3500;2.2500;5.0000
Aarnet.graphml;19;24;1;5;3;4;1;0.8500;0.1500;2.0500;5.0000
Aarnet.graphml;19;24;1;5;3;5;1;0.2500;0.7500;2.7000;9.0000
Abilene.graphml;11;14;2;0;4;1;1;0.5000;0.5000;1.4500;6.0000
Abilene.graphml;11;14;2;0;4;2;2;0.3000;1.6500;1.9000;7.8333
Abilene.graphml;11;14;2;0;4;3;2;0.7000;0.6000;1.7500;5.0000
Abilene.graphml;11;14;2;0;4;4;2;0.4500;1.4000;2.4500;5.6667
Abilene.graphml;11;14;2;0;4;5;2;0.3500;1.4500;1.6500;5.1429
Abvt.graphml;23;31;1;17;1;1;1;0.4000;0.6000;3.5000;5.0000
Abvt.graphml;23;31;1;17;1;2;1;0.6500;0.3500;2.5500;8.0000
Abvt.graphml;23;31;1;17;1;3;1;0.8000;0.2000;4.1000;10.0000
Abvt.graphml;23;31;1;17;1;4;1;0.9500;0.0500;3.6000;5.0000
Abvt.graphml;23;31;1;17;1;5;1;0.3500;0.6500;3.4500;12.0000
Aconet.graphml;23;31;1;5;4;1;1;0.8500;0.1500;3.9000;2.0000
Aconet.graphml;23;31;1;5;4;2;1;0.8500;0.1500;4.0500;2.0000
Aconet.graphml;23;31;1;5;4;3;1;0.4500;0.5500;3.5000;4.0000
Aconet.graphml;23;31;1;5;4;4;1;0.8000;0.2000;3.5000;2.0000
Aconet.graphml;23;31;1;5;4;5;1;0.7500;0.2500;3.7000;2.0000
Agis.graphml;25;30;1;0;9;1;1;0.3500;0.6500;3.9500;5.0000
Agis.graphml;25;30;1;0;9;2;1;0.9000;0.1000;3.9500;4.0000
Agis.graphml;25;30;1;0;9;3;1;0.3000;0.7000;3.3000;5.0000
Agis.graphml;25;30;1;0;9;4;1;0.4500;0.5500;2.8500;8.0000
Agis.graphml;25;30;1;0;9;5;1;0.5500;0.4500;2.7000;5.0000
Ai3.graphml;10;9;1;0;2;1;1;0.9000;0.1000;0.7500;2.0000
Ai3.graphml;10;9;1;0;2;2;1;1.0000;0.0000;1.3000;2.0000
Ai3.graphml;10;9;1;0;2;3;1;0.9000;0.1000;0.6000;2.0000
Ai3.graphml;10;9;1;0;2;4;1;1.0000;0.0000;1.0500;2.0000
Ai3.graphml;10;9;1;0;2;5;1;0.6000;0.4000;2.2000;2.0000
Amres.graphml;25;24;1;0;12;1;1;0.2000;0.8000;2.9500;6.0000
Amres.graphml;25;24;1;0;12;2;1;0.6000;0.4000;2.5000;6.0000
Amres.graphml;25;24;1;0;12;3;1;0.8500;0.1500;2.0500;6.0000
Amres.graphml;25;24;1;0;12;4;1;0.4000;0.6000;2.4000;6.0000
Amres.graphml;25;24;1;0;12;5;1;0.7000;0.3000;2.4000;6.0000
Ans.graphml;18;25;1;16;1;1;1;0.3500;0.6500;2.8500;7.0000
Ans.graphml;18;25;1;16;1;2;1;0.3500;0.6500;2.0000;9.0000
Ans.graphml;18;25;1;16;1;3;1;0.6500;0.3500;1.7000;6.0000
Ans.graphml;18;25;1;16;1;4;1;0.7000;0.3000;2.5500;5.0000
Ans.graphml;18;25;1;16;1;5;1;0.5000;0.5000;3.3000;7.0000
Arn.graphml;30;29;1;0;22;1;1;1.0000;0.0000;2.0500;1.0000
Arn.graphml;30;29;1;0;22;2;1;0.5500;0.4500;3.5000;1.0000
Arn.graphml;30;29;1;0;22;3;1;0.7500;0.2500;4.0000;1.0000
Arn.graphml;30;29;1;0;22;4;1;0.9500;0.0500;3.1000;1.0000
Arn.graphml;30;29;1;0;22;5;1;1.0000;0.0000;2.3500;1.0000
Arpanet196912.graphml;4;4;1;3;0;1;1;0.7000;0.3000;0.4000;1.0000
Arpanet196912.graphml;4;4;1;3;0;2;1;1.0000;0.0000;0.3500;1.0000
Arpanet196912.graphml;4;4;1;3;0;3;1;0.9500;0.0500;0.2500;1.0000
Arpanet196912.graphml;4;4;1;3;0;4;1;0.8000;0.2000;0.8500;1.0000
Arpanet196912.graphml;4;4;1;3;0;5;1;1.0000;0.0000;0.4500;1.0000
Arpanet19706.graphml;9;10;1;0;3;1;1;0.5500;0.4500;1.1500;3.0000
Arpanet19706.graphml;9;10;1;0;3;2;1;1.0000;0.0000;0.9000;3.0000
Arpanet19706.graphml;9;10;1;0;3;3;1;0.8500;0.1500;0.9000;3.0000
Arpanet19706.graphml;9;10;1;0;3;4;1;0.9000;0.1000;0.4500;3.0000
Arpanet19706.graphml;9;10;1;0;3;5;1;0.9500;0.0500;0.9000;3.0000
Arpanet19719.graphml;18;22;2;0;10;1;1;0.3000;0.7000;2.1500;7.0000
Arpanet19719.graphml;18;22;2;0;10;2;2;0.8500;0.8500;2.4500;8.8235
Arpanet19719.graphml;18;22;2;0;10;3;2;0.7500;1.1000;2.9000;6.8667
Arpanet19719.graphml;18;22;2;0;10;4;2;0.5500;1.0500;2.2000;8.7273
Arpanet19719.graphml;18;22;2;0;10;5;2;0.8000;0.9000;2.0000;10.3125
Arpanet19723.graphml;25;28;1;5;3;1;1;0.8500;0.1500;1.6500;1.0000
Arpanet19723.graphml;25;28;1;5;3;2;1;1.0000;0.0000;3.2500;1.0000
Arpanet19723.graphml;25;28;1;5;3;3;1;0.9000;0.1000;2.9000;1.0000
Arpanet19723.graphml;25;28;1;5;3;4;1;0.9500;0.0500;3.8500;1.0000
Arpanet19723.graphml;25;28;1;5;3;5;1;0.6000;0.4000;3.1000;1.0000
Arpanet19728.graphml;29;32;2;0;3;1;1;0.2000;0.8000;3.2500;15.0000
Arpanet19728.graphml;29;32;2;0;3;2;2;0.6500;0.7000;4.3500;4.0000
Arpanet19728.graphml;29;32;2;0;3;3;2;0.8500;0.7500;3.2500;9.1765
Arpanet19728.graphml;29;32;2;0;3;4;2;0.4000;1.2500;3.2000;9.2500
Arpanet19728.graphml;29;32;2;0;3;5;2;0.6500;1.1000;2.3500;13.6923
Atmnet.graphml;21;22;1;1;6;1;1;1.0000;0.0000;2.5500;1.0000
Atmnet.graphml;21;22;1;1;6;2;1;0.8500;0.1500;2.6500;1.0000
Atmnet.graphml;21;22;1;1;6;3;1;0.9000;0.1000;2.5500;1.0000
Atmnet.graphml;21;22;1;1;6;4;1;1.0000;0.0000;1.9000;1.0000
Atmnet.graphml;21;22;1;1;6;5;1;0.9500;0.0500;2.4500;1.0000
Bandcon.graphml;21;28;1;9;7;1;1;0.7000;0.3000;2.2000;1.0000
Bandcon.graphml;21;28;1;9;7;2;1;1.0000;0.0000;2.9500;1.0000
Bandcon.graphml;21;28;1;9;7;3;1;1.0000;0.0000;2.9000;1.0000
Bandcon.graphml;21;28;1;9;7;4;1;0.6500;0.3500;3.5500;1.0000
Bandcon.graphml;21;28;1;9;7;5;1;1.0000;0.0000;3.4500;1.0000
Basnet.graphml;7;6;1;0;1;1;1;0.8500;0.1500;0.8000;1.0000
Basnet.graphml;7;6;1;0;1;2;1;0.9000;0.1000;0.5500;1.0000
Basnet.graphml;7;6;1;0;1;3;1;0.8500;0.1500;1.2500;1.0000
Basnet.graphml;7;6;1;0;1;4;1;0.7000;0.3000;1.0000;1.0000
Basnet.graphml;7;6;1;0;1;5;1;1.0000;0.0000;0.4000;1.0000
Bbnplanet.graphml;27;28;1;0;7;1;1;0.7500;0.2500;2.1500;4.0000
Bbnplanet.graphml;27;28;1;0;7;2;1;0.2500;0.7500;2.6500;7.0000
Bbnplanet.graphml;27;28;1;0;7;3;1;0.7000;0.3000;2.8000;4.0000
Bbnplanet.graphml;27;28;1;0;7;4;1;0.4000;0.6000;2.9000;7.0000
Bbnplanet.graphml;27;28;1;0;7;5;1;0.4500;0.5500;2.5500;8.0000
Bellsouth.graphml;51;66;1;0;31;1;1;0.6000;0.4000;6.9500;5.0000
Bellsouth.graphml;51;66;1;0;31;2;1;0.4000;0.6000;7.2500;4.0000
Bellsouth.graphml;51;66;1;0;31;3;1;0.5000;0.5000;5.9500;4.0000
Bellsouth.graphml;51;66;1;0;31;4;1;0.6500;0.3500;6.5000;4.0000
Bellsouth.graphml;51;66;1;0;31;5;1;0.7000;0.3000;6.3500;5.0000
BeyondTheNetwork.graphml;53;65;1;10;47;1;1;0.4500;0.5500;7.9500;6.0000
BeyondTheNetwork.graphml;53;65;1;10;47;2;1;0.5000;0.5000;7.9000;2.0000
BeyondTheNetwork.graphml;53;65;1;10;47;3;1;0.7500;0.2500;6.6500;2.0000
BeyondTheNetwork.graphml;53;65;1;10;47;4;1;0.8500;0.1500;7.1500;2.0000
BeyondTheNetwork.graphml;53;65;1;10;47;5;1;0.9500;0.0500;6.6000;2.0000
Bics.graphml;33;48;1;6;19;1;1;0.1500;0.8500;5.5500;6.0000
Bics.graphml;33;48;1;6;19;2;1;0.3500;0.6500;4.4500;10.0000
Bics.graphml;33;48;1;6;19;3;1;0.6500;0.3500;4.9500;5.0000
Bics.graphml;33;48;1;6;19;4;1;0.3000;0.7000;4.7000;11.0000
Bics.graphml;33;48;1;6;19;5;1;0.5000;0.5000;4.8500;5.0000
Biznet.graphml;29;33;1;10;23;1;1;0.3000;0.7000;4.2500;13.0000
Biznet.graphml;29;33;1;10;23;2;1;0.3000;0.7000;4.7500;11.0000
Biznet.graphml;29;33;1;10;23;3;1;0.0500;0.9500;3.0000;11.0000
Biznet.graphml;29;33;1;10;23;4;1;0.2000;0.8000;3.3500;15.0000
Biznet.graphml;29;33;1;10;23;5;1;0.3000;0.7000;4.0500;12.0000
Bren.graphml;37;38;1;4;3;1;1;0.6500;0.3500;4.9000;2.0000
Bren.graphml;37;38;1;4;3;2;1;0.8500;0.1500;3.6500;2.0000
Bren.graphml;37;38;1;4;3;3;1;0.8500;0.1500;3.7000;2.0000
Bren.graphml;37;38;1;4;3;4;1;1.0000;0.0000;3.5000;2.0000
Bren.graphml;37;38;1;4;3;5;1;1.0000;0.0000;4.3500;2.0000
BtAsiaPac.graphml;20;31;1;0;15;1;1;1.0000;0.0000;3.4500;1.0000
BtAsiaPac.graphml;20;31;1;0;15;2;1;0.7000;0.3000;3.9000;1.0000
BtAsiaPac.graphml;20;31;1;0;15;3;1;1.0000;0.0000;2.5500;1.0000
BtAsiaPac.graphml;20;31;1;0;15;4;1;0.9000;0.1000;4.1000;1.0000
BtAsiaPac.graphml;20;31;1;0;15;5;1;1.0000;0.0000;2.7000;1.0000
BtEurope.graphml;24;37;1;10;17;1;1;1.0000;0.0000;2.8500;1.0000
BtEurope.graphml;24;37;1;10;17;2;1;1.0000;0.0000;3.1500;1.0000
BtEurope.graphml;24;37;1;10;17;3;1;0.8500;0.1500;4.1500;1.0000
BtEurope.graphml;24;37;1;10;17;4;1;0.9000;0.1000;3.8000;1.0000
BtEurope.graphml;24;37;1;10;17;5;1;0.9000;0.1000;3.3500;1.0000
BtLatinAmerica.graphml;45;50;1;0;23;1;1;0.3500;0.6500;4.1000;9.0000
BtLatinAmerica.graphml;45;50;1;0;23;2;1;0.8000;0.2000;5.5500;3.0000
BtLatinAmerica.graphml;45;50;1;0;23;3;1;0.3500;0.6500;5.2000;3.0000
BtLatinAmerica.graphml;45;50;1;0;23;4;1;0.5000;0.5000;5.0000;9.0000
BtLatinAmerica.graphml;45;50;1;0;23;5;1;0.8500;0.1500;5.0500;3.0000
BtNorthAmerica.graphml;36;76;2;0;27;1;1;1.0000;0.0000;7.6000;2.0000
BtNorthAmerica.graphml;36;76;2;0;27;2;2;0.8000;1.0500;7.6500;5.5000
BtNorthAmerica.graphml;36;76;2;0;27;3;2;0.9000;0.2000;8.9500;4.0000
BtNorthAmerica.graphml;36;76;2;0;27;4;2;0.4500;1.3500;8.9500;6.7778
BtNorthAmerica.graphml;36;76;2;0;27;5;2;1.0000;0.0000;6.8500;4.0000
Canerie.graphml;32;41;1;10;1;1;1;0.9000;0.1000;4.4000;2.0000
Canerie.graphml;32;41;1;10;1;2;1;0.7000;0.3000;3.9000;2.0000
Canerie.graphml;32;41;1;10;1;3;1;0.7500;0.2500;5.4000;2.0000
Canerie.graphml;32;41;1;10;1;4;1;0.6000;0.4000;3.6500;2.0000
Canerie.graphml;32;41;1;10;1;5;1;0.6500;0.3500;2.8500;2.0000
Carnet.graphml;44;43;1;0;36;1;1;1.0000;0.0000;4.3000;1.0000
Carnet.graphml;44;43;1;0;36;2;1;1.0000;0.0000;4.7000;1.0000
Carnet.graphml;44;43;1;0;36;3;1;0.9500;0.0500;3.9000;1.0000
Carnet.graphml;44;43;1;0;36;4;1;0.9000;0.1000;3.5500;1.0000
Carnet.graphml;44;43;1;0;36;5;1;0.9500;0.0500;4.2500;1.0000
Cesnet1993.graphml;10;9;1;0;3;1;1;1.0000;0.0000;1.2000;2.0000
Cesnet1993.graphml;10;9;1;0;3;2;1;0.4500;0.5500;1.3000;2.0000
Cesnet1993.graphml;10;9;1;0;3;3;1;0.9000;0.1000;0.7000;2.0000
Cesnet1993.graphml;10;9;1;0;3;4;1;0.8000;0.2000;1.0500;2.0000
Cesnet1993.graphml;10;9;1;0;3;5;1;0.9500;0.0500;1.5500;2.0000
Cesnet1997.graphml;13;12;1;3;6;1;1;0.9000;0.1000;0.9500;4.0000
Cesnet1997.graphml;13;12;1;3;6;2;1;0.8500;0.1500;1.2500;4.0000
Cesnet1997.graphml;13;12;1;3;6;3;1;0.7500;0.2500;1.4000;4.0000
Cesnet1997.graphml;13;12;1;3;6;4;1;0.6000;0.4000;1.1000;4.0000
Cesnet1997.graphml;13;12;1;3;6;5;1;0.4000;0.6000;1.6500;4.0000
Cesnet1999.graphml;13;12;1;0;7;1;1;0.6500;0.3500;1.0500;1.0000
Cesnet1999.graphml;13;12;1;0;7;2;1;0.9500;0.0500;1.0000;1.0000
Cesnet1999.graphml;13;12;1;0;7;3;1;0.9000;0.1000;1.2500;1.0000
Cesnet1999.graphml;13;12;1;0;7;4;1;0.7000;0.3000;1.3000;1.0000
Cesnet1999.graphml;13;12;1;0;7;5;1;1.0000;0.0000;1.6500;1.0000
Cesnet2001.graphml;23;23;1;2;19;1;1;0.9500;0.0500;2.5500;1.0000
Cesnet2001.graphml;23;23;1;2;19;2;1;1.0000;0.0000;3.1500;1.0000
Cesnet2001.graphml;23;23;1;2;19;3;1;1.0000;0.0000;2.5000;1.0000
Cesnet2001.graphml;23;23;1;2;19;4;1;1.0000;0.0000;2.3500;1.0000
Cesnet2001.graphml;23;23;1;2;19;5;1;0.8500;0.1500;2.7000;1.0000
Cesnet200304.graphml;29;33;1;1;25;1;1;0.2500;0.7500;4.4000;6.0000
Cesnet200304.graphml;29;33;1;1;25;2;1;0.4000;0.6000;4.1500;6.0000
Cesnet200304.graphml;29;33;1;1;25;3;1;0.6500;0.3500;3.6000;3.0000
Cesnet200304.graphml;29;33;1;1;25;4;1;0.9000;0.1000;3.1000;3.0000
Cesnet200304.graphml;29;33;1;1;25;5;1;0.5000;0.5000;3.6000;3.0000
Cesnet200511.graphml;39;44;1;1;35;1;1;0.6500;0.3500;4.3500;4.0000
Cesnet200511.graphml;39;44;1;1;35;2;1;0.4000;0.6000;5.7000;4.0000
Cesnet200511.graphml;39;44;1;1;35;3;1;0.8500;0.1500;3.4500;2.0000
Cesnet200511.graphml;39;44;1;1;35;4;1;0.6500;0.3500;5.1000;2.0000
Cesnet200511.graphml;39;44;1;1;35;5;1;0.9500;0.0500;4.1500;2.0000
Cesnet200603.graphml;39;44;1;1;35;1;1;0.6500;0.3500;4.3500;4.0000
Cesnet200603.graphml;39;44;1;1;35;2;1;0.4000;0.6000;5.7000;4.0000
Cesnet200603.graphml;39;44;1;1;35;3;1;0.8500;0.1500;3.4500;2.0000
Cesnet200603.graphml;39;44;1;1;35;4;1;0.6500;0.3500;5.1000;2.0000
Cesnet200603.graphml;39;44;1;1;35;5;1;0.9500;0.0500;4.1500;2.0000
Cesnet200706.graphml;44;51;1;1;40;1;1;0.9500;0.0500;4.7000;1.0000
Cesnet200706.graphml;44;51;1;1;40;2;1;0.9500;0.0500;4.6500;1.0000
Cesnet200706.graphml;44;51;1;1;40;3;1;1.0000;0.0000;4.0500;1.0000
Cesnet200706.graphml;44;51;1;1;40;4;1;1.0000;0.0000;5.3500;1.0000
Cesnet200706.graphml;44;51;1;1;40;5;1;0.5500;0.4500;5.5000;1.0000
Cesnet201006.graphml;52;63;1;1;48;1;1;0.4500;0.5500;8.2500;4.0000
Cesnet201006.graphml;52;63;1;1;48;2;1;0.5500;0.4500;6.6000;5.0000
Cesnet201006.graphml;52;63;1;1;48;3;1;0.5000;0.5000;6.3500;5.0000
Cesnet201006.graphml;52;63;1;1;48;4;1;0.7000;0.3000;6.8000;3.0000
Cesnet201006.graphml;52;63;1;1;48;5;1;0.5500;0.4500;6.9500;3.0000
Chinanet.graphml;42;66;1;2;39;1;1;0.8000;0.2000;7.3500;2.0000
Chinanet.graphml;42;66;1;2;39;2;1;1.0000;0.0000;6.5000;2.0000
Chinanet.graphml;42;66;1;2;39;3;1;0.8500;0.1500;6.1500;2.0000
Chinanet.graphml;42;66;1;2;39;4;1;0.8500;0.1500;6.0500;2.0000
Chinanet.graphml;42;66;1;2;39;5;1;0.6500;0.3500;7.3000;5.0000
Claranet.graphml;15;18;1;0;14;1;1;0.2500;0.7500;2.0000;5.0000
Claranet.graphml;15;18;1;0;14;2;1;0.8500;0.1500;2.4000;2.0000
Claranet.graphml;15;18;1;0;14;3;1;0.8000;0.2000;2.2000;2.0000
Claranet.graphml;15;18;1;0;14;4;1;1.0000;0.0000;1.8000;2.0000
Claranet.graphml;15;18;1;0;14;5;1;0.3500;0.6500;3.3000;5.0000
Columbus.graphml;70;85;1;10;1;1;1;0.8000;0.2000;10.0500;4.0000
Columbus.graphml;70;85;1;10;1;2;1;0.1000;0.9000;8.9000;29.0000
Columbus.graphml;70;85;1;10;1;3;1;0.4500;0.5500;9.1500;10.0000
Columbus.graphml;70;85;1;10;1;4;1;0.6500;0.3500;11.0000;4.0000
Columbus.graphml;70;85;1;10;1;5;1;0.0000;1.0000;8.5500;0.0000
Compuserve.graphml;14;17;1;0;12;1;1;1.0000;0.0000;1.7000;1.0000
Compuserve.graphml;14;17;1;0;12;2;1;1.0000;0.0000;1.5500;1.0000
Compuserve.graphml;14;17;1;0;12;3;1;0.8500;0.1500;2.6500;1.0000
Compuserve.graphml;14;17;1;0;12;4;1;0.9500;0.0500;2.4000;1.0000
Compuserve.graphml;14;17;1;0;12;5;1;1.0000;0.0000;1.6500;1.0000
CrlNetworkServices.graphml;33;38;1;12;6;1;1;0.9000;0.1000;3.2500;2.0000
CrlNetworkServices.graphml;33;38;1;12;6;2;1;0.8500;0.1500;4.7500;2.0000
CrlNetworkServices.graphml;33;38;1;12;6;3;1;0.9500;0.0500;3.6000;2.0000
CrlNetworkServices.graphml;33;38;1;12;6;4;1;0.0500;0.9500;4.1500;9.0000
CrlNetworkServices.graphml;33;38;1;12;6;5;1;0.9500;0.0500;3.8500;2.0000
Cudi.graphml;51;52;1;1;31;1;1;0.9000;0.1000;5.4000;4.0000
Cudi.graphml;51;52;1;1;31;2;1;0.9500;0.0500;4.4000;4.0000
Cudi.graphml;51;52;1;1;31;3;1;0.5000;0.5000;5.3500;5.0000
Cudi.graphml;51;52;1;1;31;4;1;0.4000;0.6000;6.6000;4.0000
Cudi.graphml;51;52;1;1;31;5;1;0.7500;0.2500;6.0500;4.0000
Cwix.graphml;36;41;1;8;3;1;1;0.6000;0.4000;4.8500;3.0000
Cwix.graphml;36;41;1;8;3;2;1;0.3500;0.6500;5.1000;7.0000
Cwix.graphml;36;41;1;8;3;3;1;0.5000;0.5000;3.8500;9.0000
Cwix.graphml;36;41;1;8;3;4;1;0.5500;0.4500;5.9500;3.0000
Cwix.graphml;36;41;1;8;3;5;1;0.8500;0.1500;4.4000;3.0000
Cynet.graphml;30;29;1;0;29;1;1;0.9500;0.0500;2.2500;3.0000
Cynet.graphml;30;29;1;0;29;2;1;0.7500;0.2500;3.6500;3.0000
Cynet.graphml;30;29;1;0;29;3;1;0.5000;0.5000;3.7500;3.0000
Cynet.graphml;30;29;1;0;29;4;1;0.7000;0.3000;3.1500;3.0000
Cynet.graphml;30;29;1;0;29;5;1;0.9000;0.1000;2.4500;3.0000
Darkstrand.graphml;28;31;2;0;1;1;1;0.8000;0.2000;3.6500;1.0000
Darkstrand.graphml;28;31;2;0;1;2;2;0.9000;0.2000;4.0500;1.0000
Darkstrand.graphml;28;31;2;0;1;3;2;0.5500;1.3000;3.1500;9.4545
Darkstrand.graphml;28;31;2;0;1;4;2;0.8500;0.3500;3.0500;1.6471
Darkstrand.graphml;28;31;2;0;1;5;2;1.0000;0.0000;3.9500;1.0000
Dataxchange.graphml;6;11;1;3;4;1;1;0.9000;0.1000;0.5500;1.0000
Dataxchange.graphml;6;11;1;3;4;2;1;0.8000;0.2000;0.6500;1.0000
Dataxchange.graphml;6;11;1;3;4;3;1;0.8500;0.1500;1.0500;1.0000
Dataxchange.graphml;6;11;1;3;4;4;1;1.0000;0.0000;0.5000;1.0000
Dataxchange.graphml;6;11;1;3;4;5;1;0.6000;0.4000;2.5500;1.0000
DeutscheTelekom.graphml;30;55;1;3;20;1;1;0.7000;0.3000;5.8000;5.0000
DeutscheTelekom.graphml;30;55;1;3;20;2;1;0.8000;0.2000;5.2000;4.0000
DeutscheTelekom.graphml;30;55;1;3;20;3;1;0.7500;0.2500;4.8000;7.0000
DeutscheTelekom.graphml;30;55;1;3;20;4;1;0.2500;0.7500;6.1500;10.0000
DeutscheTelekom.graphml;30;55;1;3;20;5;1;0.3000;0.7000;5.7500;5.0000
Dfn.graphml;58;87;1;8;51;1;1;1.0000;0.0000;9.1500;1.0000
Dfn.graphml;58;87;1;8;51;2;1;1.0000;0.0000;10.5500;1.0000
Dfn.graphml;58;87;1;8;51;3;1;1.0000;0.0000;10.0000;1.0000
Dfn.graphml;58;87;1;8;51;4;1;0.9500;0.0500;11.7500;1.0000
Dfn.graphml;58;87;1;8;51;5;1;1.0000;0.0000;9.4000;1.0000
DialtelecomCz.graphml;138;151;1;5;67;1;1;0.0500;0.9500;13.6500;21.0000
DialtelecomCz.graphml;138;151;1;5;67;2;1;0.0000;1.0000;18.7000;0.0000
DialtelecomCz.graphml;138;151;1;5;67;3;1;0.0500;0.9500;17.9500;28.0000
DialtelecomCz.graphml;138;151;1;5;67;4;1;0.0000;1.0000;16.1500;0.0000
DialtelecomCz.graphml;138;151;1;5;67;5;1;0.0000;1.0000;15.3000;0.0000
EliBackbone.graphml;20;30;2;4;9;1;1;1.0000;0.0000;3.7500;2.0000
EliBackbone.graphml;20;30;2;4;9;2;2;0.8000;0.7000;4.1500;6.2500
EliBackbone.graphml;20;30;2;4;9;3;2;0.9500;0.3000;2.9000;4.4211
EliBackbone.graphml;20;30;2;4;9;4;2;0.4000;1.2000;4.4000;2.0000
EliBackbone.graphml;20;30;2;4;9;5;2;0.6000;0.8000;2.9000;2.0000
Epoch.graphml;6;7;2;1;0;1;1;0.8500;0.1500;0.6500;1.0000
Epoch.graphml;6;7;2;1;0;2;2;0.9500;0.1000;0.3000;3.0000
Epoch.graphml;6;7;2;1;0;3;2;0.5500;0.9000;0.9500;3.0000
Epoch.graphml;6;7;2;1;0;4;2;0.8000;0.4000;0.7000;1.0000
Epoch.graphml;6;7;2;1;0;5;2;0.7000;0.6000;0.8000;3.0000
Ernet.graphml;30;32;1;1;21;1;1;0.9500;0.0500;2.6500;3.0000
Ernet.graphml;30;32;1;1;21;2;1;0.9000;0.1000;4.7500;3.0000
Ernet.graphml;30;32;1;1;21;3;1;0.8500;0.1500;2.5000;5.0000
Ernet.graphml;30;32;1;1;21;4;1;0.8000;0.2000;3.2000;3.0000
Ernet.graphml;30;32;1;1;21;5;1;0.7500;0.2500;3.9000;3.0000
Evolink.graphml;37;45;1;1;14;1;1;0.7500;0.2500;4.1000;4.0000
Evolink.graphml;37;45;1;1;14;2;1;0.5000;0.5000;6.1000;4.0000
Evolink.graphml;37;45;1;1;14;3;1;0.5000;0.5000;5.5000;3.0000
Evolink.graphml;37;45;1;1;14;4;1;0.8500;0.1500;4.0500;4.0000
Evolink.graphml;37;45;1;1;14;5;1;0.4500;0.5500;4.5000;4.0000
Fatman.graphml;17;21;1;0;11;1;1;0.9500;0.0500;1.9500;3.0000
Fatman.graphml;17;21;1;0;11;2;1;0.7500;0.2500;2.9500;3.0000
Fatman.graphml;17;21;1;0;11;3;1;0.8000;0.2000;2.4000;3.0000
Fatman.graphml;17;21;1;0;11;4;1;0.5000;0.5000;2.5000;5.0000
Fatman.graphml;17;21;1;0;11;5;1;0.9000;0.1000;1.7000;4.0000
Forthnet.graphml;62;62;1;0;7;1;1;0.8500;0.1500;6.3500;3.0000
Forthnet.graphml;62;62;1;0;7;2;1;0.6500;0.3500;6.1000;3.0000
Forthnet.graphml;62;62;1;0;7;3;1;1.0000;0.0000;6.1000;2.0000
Forthnet.graphml;62;62;1;0;7;4;1;0.7000;0.3000;8.1500;2.0000
Forthnet.graphml;62;62;1;0;7;5;1;0.8000;0.2000;6.7000;2.0000
Gambia.graphml;28;28;1;0;21;1;1;0.9000;0.1000;2.5500;2.0000
Gambia.graphml;28;28;1;0;21;2;1;0.7500;0.2500;2.8000;2.0000
Gambia.graphml;28;28;1;0;21;3;1;0.9000;0.1000;2.6000;2.0000
Gambia.graphml;28;28;1;0;21;4;1;0.6500;0.3500;3.7000;2.0000
Gambia.graphml;28;28;1;0;21;5;1;0.8000;0.2000;3.3000;2.0000
Garr199901.graphml;16;18;1;0;7;1;1;0.7500;0.2500;1.9500;2.0000
Garr199901.graphml;16;18;1;0;7;2;1;0.4000;0.6000;2.5500;3.0000
Garr199901.graphml;16;18;1;0;7;3;1;0.8500;0.1500;2.0000;2.0000
Garr199901.graphml;16;18;1;0;7;4;1;0.4500;0.5500;1.8500;4.0000
Garr199901.graphml;16;18;1;0;7;5;1;0.7000;0.3000;2.3500;4.0000
Garr199904.graphml;23;25;1;0;1;1;1;0.3000;0.7000;3.4500;3.0000
Garr199904.graphml;23;25;1;0;1;2;1;0.8000;0.2000;3.1500;2.0000
Garr199904.graphml;23;25;1;0;1;3;1;0.7500;0.2500;2.9500;3.0000
Garr199904.graphml;23;25;1;0;1;4;1;0.8500;0.1500;3.4500;3.0000
Garr199904.graphml;23;25;1;0;1;5;1;0.8000;0.2000;2.5500;2.0000
Garr199905.graphml;23;25;1;0;1;1;1;0.7500;0.2500;2.5000;2.0000
Garr199905.graphml;23;25;1;0;1;2;1;0.7000;0.3000;2.2000;2.0000
Garr199905.graphml;23;25;1;0;1;3;1;0.8500;0.1500;2.7500;2.0000
Garr199905.graphml;23;25;1;0;1;4;1;0.8000;0.2000;2.5000;3.0000
Garr199905.graphml;23;25;1;0;1;5;1;1.0000;0.0000;1.9000;3.0000
Garr200109.graphml;22;24;1;1;0;1;1;0.6500;0.3500;3.1000;1.0000
Garr200109.graphml;22;24;1;1;0;2;1;0.9000;0.1000;2.3000;1.0000
Garr200109.graphml;22;24;1;1;0;3;1;1.0000;0.0000;2.1500;1.0000
Garr200109.graphml;22;24;1;1;0;4;1;0.8000;0.2000;2.4500;1.0000
Garr200109.graphml;22;24;1;1;0;5;1;1.0000;0.0000;2.5000;1.0000
Garr200112.graphml;24;26;1;0;7;1;1;0.7000;0.3000;2.2500;2.0000
Garr200112.graphml;24;26;1;0;7;2;1;0.6000;0.4000;2.8000;3.0000
Garr200112.graphml;24;26;1;0;7;3;1;0.7000;0.3000;3.5500;2.0000
Garr200112.graphml;24;26;1;0;7;4;1;0.4500;0.5500;2.7500;4.0000
Garr200112.graphml;24;26;1;0;7;5;1;0.5500;0.4500;2.2500;3.0000
Garr200404.graphml;22;24;1;0;1;1;1;0.8000;0.2000;2.8500;4.0000
Garr200404.graphml;22;24;1;0;1;2;1;0.6500;0.3500;2.4000;3.0000
Garr200404.graphml;22;24;1;0;1;3;1;0.5500;0.4500;2.9000;2.0000
Garr200404.graphml;22;24;1;0;1;4;1;0.8000;0.2000;2.6500;4.0000
Garr200404.graphml;22;24;1;0;1;5;1;0.6000;0.4000;2.3500;3.0000
Garr200908.graphml;54;68;1;0;31;1;1;0.3500;0.6500;8.3500;4.0000
Garr200908.graphml;54;68;1;0;31;2;1;0.5000;0.5000;7.6000;3.0000
Garr200908.graphml;54;68;1;0;31;3;1;0.7000;0.3000;7.1000;6.0000
Garr200908.graphml;54;68;1;0;31;4;1;0.8500;0.1500;7.2500;3.0000
Garr200908.graphml;54;68;1;0;31;5;1;0.8000;0.2000;6.3000;3.0000
Garr200909.graphml;55;69;1;0;31;1;1;0.8500;0.1500;7.8500;2.0000
Garr200909.graphml;55;69;1;0;31;2;1;0.9000;0.1000;7.2500;3.0000
Garr200909.graphml;55;69;1;0;31;3;1;0.8500;0.1500;8.7000;3.0000
Garr200909.graphml;55;69;1;0;31;4;1;0.7500;0.2500;9.2000;2.0000
Garr200909.graphml;55;69;1;0;31;5;1;0.5000;0.5000;7.6500;8.0000
Garr200912.graphml;54;68;1;0;30;1;1;0.7000;0.3000;8.0500;3.0000
Garr200912.graphml;54;68;1;0;30;2;1;0.9500;0.0500;6.9500;2.0000
Garr200912.graphml;54;68;1;0;30;3;1;0.5500;0.4500;6.8000;6.0000
Garr200912.graphml;54;68;1;0;30;4;1;0.8500;0.1500;6.8000;2.0000
Garr200912.graphml;54;68;1;0;30;5;1;0.8500;0.1500;7.4500;3.0000
Garr201001.graphml;54;68;1;0;30;1;1;0.7000;0.3000;8.0500;3.0000
Garr201001.graphml;54;68;1;0;30;2;1;0.9500;0.0500;6.9500;2.0000
Garr201001.graphml;54;68;1;0;30;3;1;0.5500;0.4500;6.8000;6.0000
Garr201001.graphml;54;68;1;0;30;4;1;0.8500;0.1500;6.8000;2.0000
Garr201001.graphml;54;68;1;0;30;5;1;0.8500;0.1500;7.4500;3.0000
Gblnet.graphml;8;7;1;0;5;1;1;0.9000;0.1000;0.8500;1.0000
Gblnet.graphml;8;7;1;0;5;2;1;0.7500;0.2500;0.5000;1.0000
Gblnet.graphml;8;7;1;0;5;3;1;0.9000;0.1000;1.2000;1.0000
Gblnet.graphml;8;7;1;0;5;4;1;0.9000;0.1000;0.6500;1.0000
Gblnet.graphml;8;7;1;0;5;5;1;0.7000;0.3000;0.8500;1.0000
Geant2001.graphml;27;38;1;4;3;1;1;0.6500;0.3500;2.8000;3.0000
Geant2001.graphml;27;38;1;4;3;2;1;0.6000;0.4000;4.1500;3.0000
Geant2001.graphml;27;38;1;4;3;3;1;0.5000;0.5000;4.3500;5.0000
Geant2001.graphml;27;38;1;4;3;4;1;0.6500;0.3500;2.8500;5.0000
Geant2001.graphml;27;38;1;4;3;5;1;0.7500;0.2500;2.6500;3.0000
Geant2009.graphml;34;52;1;12;4;1;1;1.0000;0.0000;5.6000;1.0000
Geant2009.graphml;34;52;1;12;4;2;1;0.7000;0.3000;5.8000;1.0000
Geant2009.graphml;34;52;1;12;4;3;1;1.0000;0.0000;3.9500;1.0000
Geant2009.graphml;34;52;1;12;4;4;1;1.0000;0.0000;4.7000;1.0000
Geant2009.graphml;34;52;1;12;4;5;1;0.9000;0.1000;5.9000;1.0000
Geant2012.graphml;40;61;1;10;4;1;1;0.8500;0.1500;6.1500;3.0000
Geant2012.graphml;40;61;1;10;4;2;1;0.8500;0.1500;6.6500;2.0000
Geant2012.graphml;40;61;1;10;4;3;1;0.7000;0.3000;5.9500;4.0000
Geant2012.graphml;40;61;1;10;4;4;1;0.7500;0.2500;5.5000;2.0000
Geant2012.graphml;40;61;1;10;4;5;1;1.0000;0.0000;5.5500;2.0000
Getnet.graphml;7;8;1;0;1;1;1;1.0000;0.0000;0.7500;1.0000
Getnet.graphml;7;8;1;0;1;2;1;1.0000;0.0000;1.0000;1.0000
Getnet.graphml;7;8;1;0;1;3;1;1.0000;0.0000;0.9000;1.0000
Getnet.graphml;7;8;1;0;1;4;1;1.0000;0.0000;1.1500;1.0000
Getnet.graphml;7;8;1;0;1;5;1;0.7500;0.2500;0.9500;1.0000
Globalcenter.graphml;9;36;8;0;0;1;1;1.0000;0.0000;4.4500;0.0000
Globalcenter.graphml;9;36;8;0;0;2;2;1.0000;0.0000;4.0500;0.0000
Globalcenter.graphml;9;36;8;0;0;3;3;1.0000;0.0000;4.1000;0.0000
Globalcenter.graphml;9;36;8;0;0;4;4;1.0000;0.0000;3.5500;0.0000
Globalcenter.graphml;9;36;8;0;0;5;5;1.0000;0.0000;4.1000;0.0000
Goodnet.graphml;17;31;1;6;9;1;1;0.7500;0.2500;3.2500;2.0000
Goodnet.graphml;17;31;1;6;9;2;1;0.2000;0.8000;4.2500;5.0000
Goodnet.graphml;17;31;1;6;9;3;1;0.9000;0.1000;2.6500;2.0000
Goodnet.graphml;17;31;1;6;9;4;1;0.5000;0.5000;3.5500;5.0000
Goodnet.graphml;17;31;1;6;9;5;1;0.7500;0.2500;3.0500;2.0000
Grena.graphml;16;15;1;1;3;1;1;0.4500;0.5500;1.7000;4.0000
Grena.graphml;16;15;1;1;3;2;1;0.8500;0.1500;1.5000;4.0000
Grena.graphml;16;15;1;1;3;3;1;0.6500;0.3500;1.5500;4.0000
Grena.graphml;16;15;1;1;3;4;1;0.4000;0.6000;2.3000;4.0000
Grena.graphml;16;15;1;1;3;5;1;0.9000;0.1000;1.9500;4.0000
Gridnet.graphml;9;20;4;0;1;1;1;0.5500;0.4500;1.6500;6.0000
Gridnet.graphml;9;20;4;0;1;2;2;0.9500;0.3500;1.7000;4.5263
Gridnet.graphml;9;20;4;0;1;3;3;0.9500;0.8500;2.4000;3.8421
Gridnet.graphml;9;20;4;0;1;4;4;1.0000;0.2000;1.9500;4.4000
Gridnet.graphml;9;20;4;0;1;5;4;0.9500;0.7500;2.5500;3.4737
GtsCe.graphml;149;193;1;0;130;1;1;0.1500;0.8500;22.6500;15.0000
GtsCe.graphml;149;193;1;0;130;2;1;0.3000;0.7000;21.3000;10.0000
GtsCe.graphml;149;193;1;0;130;3;1;0.3500;0.6500;22.5000;11.0000
GtsCe.graphml;149;193;1;0;130;4;1;0.0500;0.9500;20.4000;18.0000
GtsCe.graphml;149;193;1;0;130;5;1;0.0500;0.9500;21.9500;24.0000
GtsCzechRepublic.graphml;32;33;1;0;30;1;1;0.1500;0.8500;4.3500;8.0000
GtsCzechRepublic.graphml;32;33;1;0;30;2;1;0.3000;0.7000;4.7000;8.0000
GtsCzechRepublic.graphml;32;33;1;0;30;3;1;0.2500;0.7500;3.3000;8.0000
GtsCzechRepublic.graphml;32;33;1;0;30;4;1;0.6500;0.3500;3.2000;3.0000
GtsCzechRepublic.graphml;32;33;1;0;30;5;1;0.2500;0.7500;3.7000;8.0000
GtsHungary.graphml;30;31;1;0;20;1;1;1.0000;0.0000;3.2500;1.0000
GtsHungary.graphml;30;31;1;0;20;2;1;0.5500;0.4500;3.8500;1.0000
GtsHungary.graphml;30;31;1;0;20;3;1;0.7500;0.2500;3.0000;1.0000
GtsHungary.graphml;30;31;1;0;20;4;1;0.8500;0.1500;3.3000;1.0000
GtsHungary.graphml;30;31;1;0;20;5;1;1.0000;0.0000;3.3500;1.0000
GtsPoland.graphml;33;37;1;12;0;1;1;0.7500;0.2500;3.1000;4.0000
GtsPoland.graphml;33;37;1;12;0;2;1;0.4000;0.6000;3.1000;10.0000
GtsPoland.graphml;33;37;1;12;0;3;1;0.5000;0.5000;3.9000;4.0000
GtsPoland.graphml;33;37;1;12;0;4;1;0.6500;0.3500;3.7000;4.0000
GtsPoland.graphml;33;37;1;12;0;5;1;0.7000;0.3000;4.0500;4.0000
GtsRomania.graphml;21;24;1;1;5;1;1;0.9500;0.0500;2.8500;1.0000
GtsRomania.graphml;21;24;1;1;5;2;1;1.0000;0.0000;2.4000;1.0000
GtsRomania.graphml;21;24;1;1;5;3;1;0.6000;0.4000;2.3500;1.0000
GtsRomania.graphml;21;24;1;1;5;4;1;0.8500;0.1500;2.7000;1.0000
GtsRomania.graphml;21;24;1;1;5;5;1;0.8000;0.2000;2.4500;1.0000
GtsSlovakia.graphml;35;37;1;0;28;1;1;0.5000;0.5000;3.4500;4.0000
GtsSlovakia.graphml;35;37;1;0;28;2;1;0.8000;0.2000;2.6500;2.0000
GtsSlovakia.graphml;35;37;1;0;28;3;1;0.4500;0.5500;3.9000;4.0000
GtsSlovakia.graphml;35;37;1;0;28;4;1;0.7000;0.3000;3.5500;2.0000
GtsSlovakia.graphml;35;37;1;0;28;5;1;1.0000;0.0000;3.0000;2.0000
HiberniaCanada.graphml;13;14;1;1;4;1;1;0.9500;0.0500;1.4500;1.0000
HiberniaCanada.graphml;13;14;1;1;4;2;1;1.0000;0.0000;1.7000;1.0000
HiberniaCanada.graphml;13;14;1;1;4;3;1;0.9000;0.1000;1.8000;1.0000
HiberniaCanada.graphml;13;14;1;1;4;4;1;0.9500;0.0500;1.3000;1.0000
HiberniaCanada.graphml;13;14;1;1;4;5;1;0.9000;0.1000;1.3000;1.0000
HiberniaGlobal.graphml;55;81;1;52;13;1;1;0.9000;0.1000;8.9000;2.0000
HiberniaGlobal.graphml;55;81;1;52;13;2;1;0.6000;0.4000;9.6000;2.0000
HiberniaGlobal.graphml;55;81;1;52;13;3;1;0.7000;0.3000;9.7000;2.0000
HiberniaGlobal.graphml;55;81;1;52;13;4;1;0.8000;0.2000;8.3500;2.0000
HiberniaGlobal.graphml;55;81;1;52;13;5;1;0.4500;0.5500;9.1500;2.0000
HiberniaIreland.graphml;8;8;1;1;0;1;1;0.7000;0.3000;0.7500;4.0000
HiberniaIreland.graphml;8;8;1;1;0;2;1;0.8500;0.1500;1.0000;4.0000
HiberniaIreland.graphml;8;8;1;1;0;3;1;0.8000;0.2000;0.8500;3.0000
HiberniaIreland.graphml;8;8;1;1;0;4;1;0.5500;0.4500;1.2500;3.0000
HiberniaIreland.graphml;8;8;1;1;0;5;1;0.7000;0.3000;1.2000;4.0000
HiberniaUk.graphml;15;15;1;2;0;1;1;0.7000;0.3000;1.6000;2.0000
HiberniaUk.graphml;15;15;1;2;0;2;1;0.6500;0.3500;1.8000;2.0000
HiberniaUk.graphml;15;15;1;2;0;3;1;0.9000;0.1000;1.3500;2.0000
HiberniaUk.graphml;15;15;1;2;0;4;1;0.8000;0.2000;1.7000;2.0000
HiberniaUk.graphml;15;15;1;2;0;5;1;0.8000;0.2000;1.2000;2.0000
HiberniaUs.graphml;22;29;1;8;2;1;1;0.8500;0.1500;1.9500;8.0000
HiberniaUs.graphml;22;29;1;8;2;2;1;0.2500;0.7500;3.3000;12.0000
HiberniaUs.graphml;22;29;1;8;2;3;1;0.1500;0.8500;3.6500;11.0000
HiberniaUs.graphml;22;29;1;8;2;4;1;0.1500;0.8500;3.4500;10.0000
HiberniaUs.graphml;22;29;1;8;2;5;1;0.4000;0.6000;2.4000;7.0000
HostwayInternational.graphml;16;21;1;3;4;1;1;0.8000;0.2000;2.0500;4.0000
HostwayInternational.graphml;16;21;1;3;4;2;1;0.7000;0.3000;1.4000;5.0000
HostwayInternational.graphml;16;21;1;3;4;3;1;0.8000;0.2000;1.8500;4.0000
HostwayInternational.graphml;16;21;1;3;4;4;1;0.4000;0.6000;2.0000;7.0000
HostwayInternational.graphml;16;21;1;3;4;5;1;1.0000;0.0000;2.1500;4.0000
HurricaneElectric.graphml;24;37;1;6;12;1;1;0.6000;0.4000;2.9000;4.0000
HurricaneElectric.graphml;24;37;1;6;12;2;1;0.3500;0.6500;3.1000;5.0000
HurricaneElectric.graphml;24;37;1;6;12;3;1;0.8000;0.2000;3.7500;3.0000
HurricaneElectric.graphml;24;37;1;6;12;4;1;0.5000;0.5000;3.7500;4.0000
HurricaneElectric.graphml;24;37;1;6;12;5;1;0.7500;0.2500;3.6500;4.0000
Ibm.graphml;18;24;1;10;4;1;1;0.4000;0.6000;2.9500;5.0000
Ibm.graphml;18;24;1;10;4;2;1;0.6000;0.4000;2.3000;5.0000
Ibm.graphml;18;24;1;10;4;3;1;0.4000;0.6000;2.8000;5.0000
Ibm.graphml;18;24;1;10;4;4;1;0.4500;0.5500;2.5000;4.0000
Ibm.graphml;18;24;1;10;4;5;1;0.6500;0.3500;2.7500;4.0000
Iinet.graphml;31;35;1;0;28;1;1;0.3000;0.7000;3.0000;5.0000
Iinet.graphml;31;35;1;0;28;2;1;0.9000;0.1000;4.7500;2.0000
Iinet.graphml;31;35;1;0;28;3;1;0.8000;0.2000;4.7000;2.0000
Iinet.graphml;31;35;1;0;28;4;1;0.9500;0.0500;3.2000;2.0000
Iinet.graphml;31;35;1;0;28;5;1;0.7500;0.2500;3.3500;4.0000
Ilan.graphml;14;15;1;1;0;1;1;0.8500;0.1500;1.4000;1.0000
Ilan.graphml;14;15;1;1;0;2;1;0.8000;0.2000;1.8500;1.0000
Ilan.graphml;14;15;1;1;0;3;1;0.5500;0.4500;3.1000;1.0000
Ilan.graphml;14;15;1;1;0;4;1;1.0000;0.0000;2.1500;1.0000
Ilan.graphml;14;15;1;1;0;5;1;0.8500;0.1500;1.6000;1.0000
Integra.graphml;27;36;1;9;3;1;1;0.7000;0.3000;4.4500;5.0000
Integra.graphml;27;36;1;9;3;2;1;0.2500;0.7500;3.1000;10.0000
Integra.graphml;27;36;1;9;3;3;1;0.5500;0.4500;4.2500;5.0000
Integra.graphml;27;36;1;9;3;4;1;0.6000;0.4000;3.5500;4.0000
Integra.graphml;27;36;1;9;3;5;1;0.4000;0.6000;4.1500;8.0000
IowaStatewideFiberMap.graphml;33;41;1;8;16;1;1;0.3500;0.6500;4.5500;9.0000
IowaStatewideFiberMap.graphml;33;41;1;8;16;2;1;0.0500;0.9500;5.0000;18.0000
IowaStatewideFiberMap.graphml;33;41;1;8;16;3;1;0.1000;0.9000;4.3000;7.0000
IowaStatewideFiberMap.graphml;33;41;1;8;16;4;1;0.2000;0.8000;3.8000;11.0000
IowaStatewideFiberMap.graphml;33;41;1;8;16;5;1;0.5500;0.4500;4.7000;8.0000
Iris.graphml;51;64;1;8;0;1;1;0.1500;0.8500;6.9500;9.0000
Iris.graphml;51;64;1;8;0;2;1;0.1500;0.8500;5.7000;12.0000
Iris.graphml;51;64;1;8;0;3;1;0.8000;0.2000;6.5000;4.0000
Iris.graphml;51;64;1;8;0;4;1;0.5000;0.5000;6.6500;8.0000
Iris.graphml;51;64;1;8;0;5;1;0.8000;0.2000;5.4500;6.0000
Istar.graphml;23;23;1;1;13;1;1;0.9500;0.0500;2.5500;2.0000
Istar.graphml;23;23;1;1;13;2;1;0.5000;0.5000;3.2500;2.0000
Istar.graphml;23;23;1;1;13;3;1;0.7000;0.3000;3.6500;3.0000
Istar.graphml;23;23;1;1;13;4;1;0.7000;0.3000;2.4000;2.0000
Istar.graphml;23;23;1;1;13;5;1;0.9000;0.1000;2.4500;2.0000
Itnet.graphml;11;10;1;0;8;1;1;0.9500;0.0500;1.0500;1.0000
Itnet.graphml;11;10;1;0;8;2;1;1.0000;0.0000;0.9000;1.0000
Itnet.graphml;11;10;1;0;8;3;1;0.9500;0.0500;0.9000;1.0000
Itnet.graphml;11;10;1;0;8;4;1;1.0000;0.0000;0.5000;1.0000
Itnet.graphml;11;10;1;0;8;5;1;0.8500;0.1500;1.0500;1.0000
Janetbackbone.graphml;29;45;2;0;12;1;1;0.9500;0.0500;3.7000;4.0000
Janetbackbone.graphml;29;45;2;0;12;2;2;0.8500;0.8000;5.5000;5.3529
Janetbackbone.graphml;29;45;2;0;12;3;2;0.8500;0.5500;5.4500;4.9412
Janetbackbone.graphml;29;45;2;0;12;4;2;0.9500;0.1000;4.5000;4.0000
Janetbackbone.graphml;29;45;2;0;12;5;2;0.8500;0.6500;4.9000;6.2353
JanetExternal.graphml;10;9;1;2;1;1;1;0.8500;0.1500;0.7500;1.0000
JanetExternal.graphml;10;9;1;2;1;2;1;0.9500;0.0500;0.9000;1.0000
JanetExternal.graphml;10;9;1;2;1;3;1;1.0000;0.0000;0.5500;1.0000
JanetExternal.graphml;10;9;1;2;1;4;1;0.8000;0.2000;0.6000;1.0000
JanetExternal.graphml;10;9;1;2;1;5;1;1.0000;0.0000;0.7000;1.0000
Jgn2Plus.graphml;18;17;1;3;12;1;1;0.6000;0.4000;1.7000;3.0000
Jgn2Plus.graphml;18;17;1;3;12;2;1;0.9500;0.0500;1.2500;3.0000
Jgn2Plus.graphml;18;17;1;3;12;3;1;0.8500;0.1500;2.0500;3.0000
Jgn2Plus.graphml;18;17;1;3;12;4;1;0.6000;0.4000;2.2500;3.0000
Jgn2Plus.graphml;18;17;1;3;12;5;1;0.8500;0.1500;1.5000;3.0000
KentmanAug2005.graphml;27;29;1;0;21;1;1;0.8000;0.2000;1.9000;2.0000
KentmanAug2005.graphml;27;29;1;0;21;2;1;0.6500;0.3500;3.0500;4.0000
KentmanAug2005.graphml;27;29;1;0;21;3;1;1.0000;0.0000;2.8000;2.0000
KentmanAug2005.graphml;27;29;1;0;21;4;1;0.8000;0.2000;2.4000;2.0000
KentmanAug2005.graphml;27;29;1;0;21;5;1;0.4500;0.5500;3.3500;4.0000
KentmanJul2005.graphml;16;17;1;5;0;1;1;0.8000;0.2000;1.9500;1.0000
KentmanJul2005.graphml;16;17;1;5;0;2;1;0.8500;0.1500;1.6000;1.0000
KentmanJul2005.graphml;16;17;1;5;0;3;1;1.0000;0.0000;1.7000;1.0000
KentmanJul2005.graphml;16;17;1;5;0;4;1;0.9500;0.0500;1.3500;1.0000
KentmanJul2005.graphml;16;17;1;5;0;5;1;0.9500;0.0500;1.3000;1.0000
Kreonet.graphml;13;12;1;0;10;1;1;1.0000;0.0000;0.7500;1.0000
Kreonet.graphml;13;12;1;0;10;2;1;0.9500;0.0500;0.8500;1.0000
Kreonet.graphml;13;12;1;0;10;3;1;0.9000;0.1000;1.2500;1.0000
Kreonet.graphml;13;12;1;0;10;4;1;0.9000;0.1000;1.0000;1.0000
Kreonet.graphml;13;12;1;0;10;5;1;0.7500;0.2500;1.9000;1.0000
LambdaNet.graphml;42;46;1;10;13;1;1;0.0500;0.9500;5.6000;19.0000
LambdaNet.graphml;42;46;1;10;13;2;1;0.0500;0.9500;6.0500;13.0000
LambdaNet.graphml;42;46;1;10;13;3;1;0.5500;0.4500;3.5500;14.0000
LambdaNet.graphml;42;46;1;10;13;4;1;0.3500;0.6500;4.9000;11.0000
LambdaNet.graphml;42;46;1;10;13;5;1;0.1000;0.9000;5.9000;12.0000
Latnet.graphml;69;74;1;0;30;1;1;0.8500;0.1500;7.2500;1.0000
Latnet.graphml;69;74;1;0;30;2;1;0.8000;0.2000;8.2000;1.0000
Latnet.graphml;69;74;1;0;30;3;1;0.8000;0.2000;8.5000;1.0000
Latnet.graphml;69;74;1;0;30;4;1;0.9000;0.1000;6.7000;1.0000
Latnet.graphml;69;74;1;0;30;5;1;0.9500;0.0500;7.7000;1.0000
Layer42.graphml;6;7;1;0;1;1;1;0.8000;0.2000;0.6500;1.0000
Layer42.graphml;6;7;1;0;1;2;1;1.0000;0.0000;0.3500;1.0000
Layer42.graphml;6;7;1;0;1;3;1;0.9500;0.0500;0.7000;1.0000
Layer42.graphml;6;7;1;0;1;4;1;0.9500;0.0500;0.6000;1.0000
Layer42.graphml;6;7;1;0;1;5;1;0.5500;0.4500;0.9000;1.0000
Litnet.graphml;43;43;1;0;26;1;1;0.9000;0.1000;5.2000;3.0000
Litnet.graphml;43;43;1;0;26;2;1;0.5000;0.5000;4.7500;3.0000
Litnet.graphml;43;43;1;0;26;3;1;0.7000;0.3000;4.5000;3.0000
Litnet.graphml;43;43;1;0;26;4;1;0.7000;0.3000;4.5000;3.0000
Litnet.graphml;43;43;1;0;26;5;1;0.9000;0.1000;3.8500;3.0000
Marnet.graphml;20;27;1;0;2;1;1;0.8500;0.1500;2.5500;1.0000
Marnet.graphml;20;27;1;0;2;2;1;0.8500;0.1500;2.7500;1.0000
Marnet.graphml;20;27;1;0;2;3;1;1.0000;0.0000;2.6000;1.0000
Marnet.graphml;20;27;1;0;2;4;1;0.8500;0.1500;2.9000;1.0000
Marnet.graphml;20;27;1;0;2;5;1;0.8500;0.1500;3.6000;1.0000
Missouri.graphml;67;83;1;0;2;1;1;0.4500;0.5500;10.6000;10.0000
Missouri.graphml;67;83;1;0;2;2;1;0.2000;0.8000;9.4000;8.0000
Missouri.graphml;67;83;1;0;2;3;1;0.6500;0.3500;6.7000;8.0000
Missouri.graphml;67;83;1;0;2;4;1;0.8500;0.1500;7.6500;7.0000
Missouri.graphml;67;83;1;0;2;5;1;0.4000;0.6000;8.9000;8.0000
Mren.graphml;6;5;1;0;2;1;1;0.7000;0.3000;0.9500;1.0000
Mren.graphml;6;5;1;0;2;2;1;1.0000;0.0000;0.3000;1.0000
Mren.graphml;6;5;1;0;2;3;1;0.9500;0.0500;0.9500;1.0000
Mren.graphml;6;5;1;0;2;4;1;1.0000;0.0000;0.7000;1.0000
Mren.graphml;6;5;1;0;2;5;1;1.0000;0.0000;0.6000;1.0000
Napnet.graphml;6;7;1;2;3;1;1;0.8500;0.1500;0.9500;1.0000
Napnet.graphml;6;7;1;2;3;2;1;0.9500;0.0500;0.7000;1.0000
Napnet.graphml;6;7;1;2;3;3;1;0.9500;0.0500;0.9500;1.0000
Napnet.graphml;6;7;1;2;3;4;1;1.0000;0.0000;0.6000;1.0000
Napnet.graphml;6;7;1;2;3;5;1;1.0000;0.0000;0.7500;1.0000
Navigata.graphml;13;17;1;0;5;1;1;0.6500;0.3500;2.5500;5.0000
Navigata.graphml;13;17;1;0;5;2;1;0.6000;0.4000;2.4000;3.0000
Navigata.graphml;13;17;1;0;5;3;1;0.6000;0.4000;1.8000;4.0000
Navigata.graphml;13;17;1;0;5;4;1;0.5500;0.4500;2.7000;5.0000
Navigata.graphml;13;17;1;0;5;5;1;0.8500;0.1500;1.2000;3.0000
Netrail.graphml;7;10;2;0;4;1;1;0.8000;0.2000;1.1500;3.0000
Netrail.graphml;7;10;2;0;4;2;2;1.0000;0.0000;1.5500;1.0000
Netrail.graphml;7;10;2;0;4;3;2;1.0000;0.0500;0.6000;1.1500
Netrail.graphml;7;10;2;0;4;4;2;0.9500;0.1000;1.2000;1.0000
Netrail.graphml;7;10;2;0;4;5;2;1.0000;0.0000;0.9500;1.0000
NetworkUsa.graphml;35;39;1;19;30;1;1;0.4500;0.5500;3.9000;7.0000
NetworkUsa.graphml;35;39;1;19;30;2;1;0.4000;0.6000;4.4500;9.0000
NetworkUsa.graphml;35;39;1;19;30;3;1;0.3000;0.7000;4.6500;9.0000
NetworkUsa.graphml;35;39;1;19;30;4;1;0.3500;0.6500;4.0000;14.0000
NetworkUsa.graphml;35;39;1;19;30;5;1;0.5000;0.5000;4.9000;7.0000
Niif.graphml;36;41;1;1;32;1;1;0.4500;0.5500;4.8000;3.0000
Niif.graphml;36;41;1;1;32;2;1;0.5500;0.4500;5.0500;2.0000
Niif.graphml;36;41;1;1;32;3;1;0.8000;0.2000;3.9500;3.0000
Niif.graphml;36;41;1;1;32;4;1;0.6000;0.4000;4.1000;2.0000
Niif.graphml;36;41;1;1;32;5;1;0.6500;0.3500;5.3000;3.0000
Noel.graphml;19;25;1;1;15;1;1;0.5000;0.5000;3.0000;3.0000
Noel.graphml;19;25;1;1;15;2;1;0.9000;0.1000;1.9500;4.0000
Noel.graphml;19;25;1;1;15;3;1;0.5500;0.4500;2.8500;3.0000
Noel.graphml;19;25;1;1;15;4;1;0.7000;0.3000;2.5500;8.0000
Noel.graphml;19;25;1;1;15;5;1;0.5000;0.5000;2.9000;6.0000
Nordu1989.graphml;7;6;1;0;1;1;1;1.0000;0.0000;0.7500;1.0000
Nordu1989.graphml;7;6;1;0;1;2;1;0.9000;0.1000;0.6500;1.0000
Nordu1989.graphml;7;6;1;0;1;3;1;1.0000;0.0000;0.3000;1.0000
Nordu1989.graphml;7;6;1;0;1;4;1;1.0000;0.0000;1.4000;1.0000
Nordu1989.graphml;7;6;1;0;1;5;1;0.8000;0.2000;0.8000;1.0000
Nordu1997.graphml;14;13;1;0;6;1;1;0.8000;0.2000;0.7500;1.0000
Nordu1997.graphml;14;13;1;0;6;2;1;0.9500;0.0500;1.7500;1.0000
Nordu1997.graphml;14;13;1;0;6;3;1;1.0000;0.0000;0.9500;1.0000
Nordu1997.graphml;14;13;1;0;6;4;1;1.0000;0.0000;1.0500;1.0000
Nordu1997.graphml;14;13;1;0;6;5;1;0.7500;0.2500;1.9500;1.0000
Nordu2010.graphml;15;15;1;0;16;1;1;0.8500;0.1500;1.7000;2.0000
Nordu2010.graphml;15;15;1;0;16;2;1;0.7000;0.3000;2.0000;2.0000
Nordu2010.graphml;15;15;1;0;16;3;1;0.7500;0.2500;2.1000;2.0000
Nordu2010.graphml;15;15;1;0;16;4;1;0.9000;0.1000;1.6000;2.0000
Nordu2010.graphml;15;15;1;0;16;5;1;0.8500;0.1500;1.2500;2.0000
Nsfcnet.graphml;9;10;1;2;4;1;1;0.9000;0.1000;1.0500;1.0000
Nsfcnet.graphml;9;10;1;2;4;2;1;0.8500;0.1500;1.4000;1.0000
Nsfcnet.graphml;9;10;1;2;4;3;1;1.0000;0.0000;1.2500;1.0000
Nsfcnet.graphml;9;10;1;2;4;4;1;0.9500;0.0500;0.6000;1.0000
Nsfcnet.graphml;9;10;1;2;4;5;1;0.9500;0.0500;1.1500;1.0000
Nsfnet.graphml;13;15;1;3;11;1;1;0.5500;0.4500;1.6000;5.0000
Nsfnet.graphml;13;15;1;3;11;2;1;0.6000;0.4000;1.9500;5.0000
Nsfnet.graphml;13;15;1;3;11;3;1;1.0000;0.0000;2.2500;2.0000
Nsfnet.graphml;13;15;1;3;11;4;1;1.0000;0.0000;1.5500;2.0000
Nsfnet.graphml;13;15;1;3;11;5;1;0.9500;0.0500;1.9000;2.0000
Oxford.graphml;20;26;2;1;11;1;1;0.8500;0.1500;2.3500;1.0000
Oxford.graphml;20;26;2;1;11;2;2;0.6000;0.8000;3.0500;1.0000
Oxford.graphml;20;26;2;1;11;3;2;1.0000;0.0000;1.8000;1.0000
Oxford.graphml;20;26;2;1;11;4;2;0.7000;0.6000;2.2500;1.0000
Oxford.graphml;20;26;2;1;11;5;2;1.0000;0.0000;2.0000;1.0000
Packetexchange.graphml;21;27;1;5;1;1;1;0.8000;0.2000;2.2500;4.0000
Packetexchange.graphml;21;27;1;5;1;2;1;0.7500;0.2500;2.8500;3.0000
Packetexchange.graphml;21;27;1;5;1;3;1;0.7500;0.2500;2.3500;3.0000
Packetexchange.graphml;21;27;1;5;1;4;1;0.8000;0.2000;2.8000;3.0000
Packetexchange.graphml;21;27;1;5;1;5;1;0.6000;0.4000;2.9500;3.0000
Padi.graphml;7;6;1;12;11;1;1;0.8500;0.1500;0.7500;1.0000
Padi.graphml;7;6;1;12;11;2;1;1.0000;0.0000;0.5500;1.0000
Padi.graphml;7;6;1;12;11;3;1;1.0000;0.0000;0.3000;1.0000
Padi.graphml;7;6;1;12;11;4;1;0.9000;0.1000;1.1000;1.0000
Padi.graphml;7;6;1;12;11;5;1;0.7000;0.3000;0.7500;1.0000
Peer1.graphml;16;20;1;1;3;1;1;0.6000;0.4000;1.0500;7.0000
Peer1.graphml;16;20;1;1;3;2;1;0.1000;0.9000;1.8000;9.0000
Peer1.graphml;16;20;1;1;3;3;1;0.7000;0.3000;1.4500;4.0000
Peer1.graphml;16;20;1;1;3;4;1;0.5500;0.4500;2.2000;4.0000
Peer1.graphml;16;20;1;1;3;5;1;0.8500;0.1500;2.5500;4.0000
Pern.graphml;127;129;1;0;43;1;1;0.5500;0.4500;12.8000;6.0000
Pern.graphml;127;129;1;0;43;2;1;0.5000;0.5000;12.6000;6.0000
Pern.graphml;127;129;1;0;43;3;1;0.8000;0.2000;13.9000;8.0000
Pern.graphml;127;129;1;0;43;4;1;0.5000;0.5000;11.5000;5.0000
Pern.graphml;127;129;1;0;43;5;1;0.2000;0.8000;15.3500;9.0000
PionierL1.graphml;36;41;1;1;34;1;1;0.2000;0.8000;4.8500;7.0000
PionierL1.graphml;36;41;1;1;34;2;1;0.5000;0.5000;4.8000;7.0000
PionierL1.graphml;36;41;1;1;34;3;1;0.5000;0.5000;4.8000;7.0000
PionierL1.graphml;36;41;1;1;34;4;1;0.4500;0.5500;4.6000;8.0000
PionierL1.graphml;36;41;1;1;34;5;1;0.3000;0.7000;3.7500;8.0000
Psinet.graphml;24;25;1;0;12;1;1;0.3500;0.6500;2.6000;8.0000
Psinet.graphml;24;25;1;0;12;2;1;0.1500;0.8500;3.0000;9.0000
Psinet.graphml;24;25;1;0;12;3;1;0.4500;0.5500;3.0000;9.0000
Psinet.graphml;24;25;1;0;12;4;1;0.3000;0.7000;2.7500;8.0000
Psinet.graphml;24;25;1;0;12;5;1;0.5000;0.5000;2.0500;9.0000
Quest.graphml;20;31;1;18;14;1;1;0.6500;0.3500;3.8000;2.0000
Quest.graphml;20;31;1;18;14;2;1;0.9000;0.1000;3.6500;2.0000
Quest.graphml;20;31;1;18;14;3;1;0.6500;0.3500;2.9000;5.0000
Quest.graphml;20;31;1;18;14;4;1;0.8000;0.2000;3.5500;2.0000
Quest.graphml;20;31;1;18;14;5;1;1.0000;0.0000;3.3500;2.0000
Renam.graphml;5;4;1;1;0;1;1;1.0000;0.0000;0.4000;1.0000
Renam.graphml;5;4;1;1;0;2;1;0.9500;0.0500;0.3500;1.0000
Renam.graphml;5;4;1;1;0;3;1;1.0000;0.0000;0.2500;1.0000
Renam.graphml;5;4;1;1;0;4;1;0.6000;0.4000;0.8500;1.0000
Renam.graphml;5;4;1;1;0;5;1;0.8000;0.2000;0.4000;1.0000
Renater1999.graphml;24;23;1;0;11;1;1;0.6000;0.4000;2.7500;3.0000
Renater1999.graphml;24;23;1;0;11;2;1;0.6000;0.4000;2.8500;3.0000
Renater1999.graphml;24;23;1;0;11;3;1;0.6500;0.3500;1.9500;3.0000
Renater1999.graphml;24;23;1;0;11;4;1;0.4500;0.5500;2.9500;3.0000
Renater1999.graphml;24;23;1;0;11;5;1;0.8500;0.1500;2.3500;3.0000
Renater2001.graphml;24;27;1;2;11;1;1;1.0000;0.0000;2.3500;1.0000
Renater2001.graphml;24;27;1;2;11;2;1;0.6500;0.3500;2.7000;1.0000
Renater2001.graphml;24;27;1;2;11;3;1;0.7500;0.2500;2.4500;1.0000
Renater2001.graphml;24;27;1;2;11;4;1;0.7000;0.3000;2.8000;1.0000
Renater2001.graphml;24;27;1;2;11;5;1;1.0000;0.0000;3.0500;1.0000
Renater2004.graphml;30;36;1;2;13;1;1;0.9500;0.0500;4.4000;1.0000
Renater2004.graphml;30;36;1;2;13;2;1;0.9000;0.1000;3.2000;1.0000
Renater2004.graphml;30;36;1;2;13;3;1;1.0000;0.0000;3.5500;1.0000
Renater2004.graphml;30;36;1;2;13;4;1;1.0000;0.0000;3.9500;1.0000
Renater2004.graphml;30;36;1;2;13;5;1;1.0000;0.0000;4.3500;1.0000
Renater2006.graphml;33;43;1;9;21;1;1;0.4000;0.6000;4.6000;7.0000
Renater2006.graphml;33;43;1;9;21;2;1;0.2500;0.7500;5.4500;6.0000
Renater2006.graphml;33;43;1;9;21;3;1;0.9000;0.1000;3.9500;2.0000
Renater2006.graphml;33;43;1;9;21;4;1;0.6000;0.4000;5.7000;6.0000
Renater2006.graphml;33;43;1;9;21;5;1;0.7000;0.3000;5.4000;3.0000
Renater2008.graphml;33;43;1;9;21;1;1;0.4000;0.6000;4.6000;7.0000
Renater2008.graphml;33;43;1;9;21;2;1;0.2500;0.7500;5.4500;6.0000
Renater2008.graphml;33;43;1;9;21;3;1;0.9000;0.1000;3.9500;2.0000
Renater2008.graphml;33;43;1;9;21;4;1;0.6000;0.4000;5.7000;6.0000
Renater2008.graphml;33;43;1;9;21;5;1;0.7000;0.3000;5.4000;3.0000
Renater2010.graphml;43;56;1;14;32;1;1;0.2000;0.8000;6.8500;6.0000
Renater2010.graphml;43;56;1;14;32;2;1;0.8000;0.2000;5.7500;2.0000
Renater2010.graphml;43;56;1;14;32;3;1;0.6000;0.4000;5.2500;10.0000
Renater2010.graphml;43;56;1;14;32;4;1;0.8000;0.2000;6.1500;2.0000
Renater2010.graphml;43;56;1;14;32;5;1;0.5000;0.5000;5.3000;10.0000
Restena.graphml;19;21;1;0;9;1;1;1.0000;0.0000;1.8500;1.0000
Restena.graphml;19;21;1;0;9;2;1;1.0000;0.0000;2.6000;1.0000
Restena.graphml;19;21;1;0;9;3;1;0.9500;0.0500;1.8500;1.0000
Restena.graphml;19;21;1;0;9;4;1;0.8500;0.1500;2.3500;1.0000
Restena.graphml;19;21;1;0;9;5;1;0.8500;0.1500;1.5000;1.0000
Reuna.graphml;37;36;1;0;16;1;1;0.4000;0.6000;4.2500;5.0000
Reuna.graphml;37;36;1;0;16;2;1;0.5500;0.4500;3.9500;5.0000
Reuna.graphml;37;36;1;0;16;3;1;0.5500;0.4500;3.5500;5.0000
Reuna.graphml;37;36;1;0;16;4;1;0.7500;0.2500;3.9000;5.0000
Reuna.graphml;37;36;1;0;16;5;1;0.4000;0.6000;3.9500;5.0000
Rhnet.graphml;16;18;1;4;10;1;1;0.9500;0.0500;1.8500;1.0000
Rhnet.graphml;16;18;1;4;10;2;1;0.9500;0.0500;2.1500;1.0000
Rhnet.graphml;16;18;1;4;10;3;1;1.0000;0.0000;1.8000;1.0000
Rhnet.graphml;16;18;1;4;10;4;1;1.0000;0.0000;1.7000;1.0000
Rhnet.graphml;16;18;1;4;10;5;1;0.9000;0.1000;2.5500;1.0000
Rnp.graphml;31;34;1;1;16;1;1;0.7000;0.3000;3.6000;4.0000
Rnp.graphml;31;34;1;1;16;2;1;0.7000;0.3000;3.7000;4.0000
Rnp.graphml;31;34;1;1;16;3;1;0.5500;0.4500;4.0500;4.0000
Rnp.graphml;31;34;1;1;16;4;1;0.5500;0.4500;2.6500;6.0000
Rnp.graphml;31;34;1;1;16;5;1;0.3000;0.7000;4.0000;5.0000
RoedunetFibre.graphml;48;52;1;1;4;1;1;1.0000;0.0000;5.3000;2.0000
RoedunetFibre.graphml;48;52;1;1;4;2;1;0.9500;0.0500;5.8000;2.0000
RoedunetFibre.graphml;48;52;1;1;4;3;1;0.8000;0.2000;4.5500;2.0000
RoedunetFibre.graphml;48;52;1;1;4;4;1;0.8500;0.1500;5.9500;2.0000
RoedunetFibre.graphml;48;52;1;1;4;5;1;0.8500;0.1500;5.6500;2.0000
Sago.graphml;18;17;1;5;17;1;1;0.7500;0.2500;1.8500;3.0000
Sago.graphml;18;17;1;5;17;2;1;0.7000;0.3000;2.7000;3.0000
Sago.graphml;18;17;1;5;17;3;1;0.6500;0.3500;1.6000;3.0000
Sago.graphml;18;17;1;5;17;4;1;0.5000;0.5000;2.0500;3.0000
Sago.graphml;18;17;1;5;17;5;1;0.8500;0.1500;1.3500;3.0000
Sanet.graphml;43;45;1;9;38;1;1;0.3000;0.7000;4.1000;10.0000
Sanet.graphml;43;45;1;9;38;2;1;0.2500;0.7500;5.1000;12.0000
Sanet.graphml;43;45;1;9;38;3;1;0.1000;0.9000;4.3500;12.0000
Sanet.graphml;43;45;1;9;38;4;1;0.3000;0.7000;4.0500;10.0000
Sanet.graphml;43;45;1;9;38;5;1;0.2000;0.8000;4.6000;11.0000
Sanren.graphml;7;7;2;0;0;1;1;1.0000;0.0000;0.8000;0.0000
Sanren.graphml;7;7;2;0;0;2;2;1.0000;0.0000;0.3500;0.0000
Sanren.graphml;7;7;2;0;0;3;2;1.0000;0.0000;1.1000;0.0000
Sanren.graphml;7;7;2;0;0;4;2;1.0000;0.0000;1.3000;0.0000
Sanren.graphml;7;7;2;0;0;5;2;1.0000;0.0000;0.6000;0.0000
Savvis.graphml;19;20;1;9;18;1;1;0.8500;0.1500;2.0000;1.0000
Savvis.graphml;19;20;1;9;18;2;1;0.9500;0.0500;1.9000;1.0000
Savvis.graphml;19;20;1;9;18;3;1;0.9000;0.1000;2.3000;1.0000
Savvis.graphml;19;20;1;9;18;4;1;0.8500;0.1500;2.3000;1.0000
Savvis.graphml;19;20;1;9;18;5;1;1.0000;0.0000;2.3500;1.0000
Shentel.graphml;28;35;1;4;2;1;1;0.6500;0.3500;3.1500;3.0000
Shentel.graphml;28;35;1;4;2;2;1;0.6000;0.4000;5.0500;6.0000
Shentel.graphml;28;35;1;4;2;3;1;0.6000;0.4000;4.3000;4.0000
Shentel.graphml;28;35;1;4;2;4;1;0.5500;0.4500;2.9500;4.0000
Shentel.graphml;28;35;1;4;2;5;1;0.6000;0.4000;3.8500;6.0000
Sinet.graphml;74;76;1;1;34;1;1;0.7500;0.2500;7.8000;7.0000
Sinet.graphml;74;76;1;1;34;2;1;0.6500;0.3500;6.8500;6.0000
Sinet.graphml;74;76;1;1;34;3;1;0.3500;0.6500;9.0500;6.0000
Sinet.graphml;74;76;1;1;34;4;1;0.5500;0.4500;7.5000;6.0000
Sinet.graphml;74;76;1;1;34;5;1;0.4000;0.6000;9.3000;6.0000
Singaren.graphml;11;10;1;0;9;1;1;1.0000;0.0000;0.9500;1.0000
Singaren.graphml;11;10;1;0;9;2;1;1.0000;0.0000;0.5500;1.0000
Singaren.graphml;11;10;1;0;9;3;1;0.8000;0.2000;0.9000;1.0000
Singaren.graphml;11;10;1;0;9;4;1;1.0000;0.0000;1.2500;1.0000
Singaren.graphml;11;10;1;0;9;5;1;1.0000;0.0000;0.8500;1.0000
Spiralight.graphml;15;16;2;0;5;1;1;0.9500;0.0500;1.8000;2.0000
Spiralight.graphml;15;16;2;0;5;2;2;0.8000;0.4000;2.1000;2.0000
Spiralight.graphml;15;16;2;0;5;3;2;0.4000;1.2000;1.9000;4.0000
Spiralight.graphml;15;16;2;0;5;4;2;0.8500;0.3000;1.8000;2.0000
Spiralight.graphml;15;16;2;0;5;5;2;1.0000;0.0000;2.4000;2.0000
Sprint.graphml;11;18;1;2;4;1;1;0.9000;0.1000;1.8000;2.0000
Sprint.graphml;11;18;1;2;4;2;1;0.7500;0.2500;2.2500;2.0000
Sprint.graphml;11;18;1;2;4;3;1;0.7000;0.3000;2.2000;5.0000
Sprint.graphml;11;18;1;2;4;4;1;0.6500;0.3500;1.7500;2.0000
Sprint.graphml;11;18;1;2;4;5;1;0.8000;0.2000;1.2000;2.0000
Switch.graphml;74;92;1;4;40;1;1;0.8500;0.1500;11.0500;1.0000
Switch.graphml;74;92;1;4;40;2;1;0.9500;0.0500;9.6500;1.0000
Switch.graphml;74;92;1;4;40;3;1;0.9000;0.1000;10.8000;1.0000
Switch.graphml;74;92;1;4;40;4;1;0.9000;0.1000;10.3500;1.0000
Switch.graphml;74;92;1;4;40;5;1;0.9000;0.1000;9.4000;1.0000
SwitchL3.graphml;42;63;1;10;34;1;1;0.9000;0.1000;6.5500;1.0000
SwitchL3.graphml;42;63;1;10;34;2;1;0.9000;0.1000;7.1500;1.0000
SwitchL3.graphml;42;63;1;10;34;3;1;0.8000;0.2000;7.0000;1.0000
SwitchL3.graphml;42;63;1;10;34;4;1;1.0000;0.0000;5.4000;1.0000
SwitchL3.graphml;42;63;1;10;34;5;1;0.5500;0.4500;6.4000;1.0000
Syringa.graphml;74;74;1;6;7;1;1;0.3500;0.6500;7.7000;12.0000
Syringa.graphml;74;74;1;6;7;2;1;0.1000;0.9000;8.1000;12.0000
Syringa.graphml;74;74;1;6;7;3;1;0.1000;0.9000;8.4000;12.0000
Syringa.graphml;74;74;1;6;7;4;1;0.1000;0.9000;7.3500;12.0000
Syringa.graphml;74;74;1;6;7;5;1;0.2500;0.7500;7.1000;12.0000
Telcove.graphml;71;70;1;0;49;1;1;0.7000;0.3000;7.4000;3.0000
Telcove.graphml;71;70;1;0;49;2;1;0.2500;0.7500;7.2500;3.0000
Telcove.graphml;71;70;1;0;49;3;1;0.5000;0.5000;6.9500;3.0000
Telcove.graphml;71;70;1;0;49;4;1;0.7000;0.3000;8.0000;3.0000
Telcove.graphml;71;70;1;0;49;5;1;0.7500;0.2500;7.9500;3.0000
Telecomserbia.graphml;6;6;2;0;0;1;1;1.0000;0.0000;0.6500;0.0000
Telecomserbia.graphml;6;6;2;0;0;2;2;1.0000;0.0000;0.1000;0.0000
Telecomserbia.graphml;6;6;2;0;0;3;2;1.0000;0.0000;0.4000;0.0000
Telecomserbia.graphml;6;6;2;0;0;4;2;1.0000;0.0000;1.0500;0.0000
Telecomserbia.graphml;6;6;2;0;0;5;2;1.0000;0.0000;0.5500;0.0000
Tinet.graphml;53;89;1;3;34;1;1;0.4500;0.5500;9.2500;7.0000
Tinet.graphml;53;89;1;3;34;2;1;0.4000;0.6000;8.5500;5.0000
Tinet.graphml;53;89;1;3;34;3;1;0.7000;0.3000;8.4000;7.0000
Tinet.graphml;53;89;1;3;34;4;1;0.5000;0.5000;9.2500;5.0000
Tinet.graphml;53;89;1;3;34;5;1;0.9000;0.1000;10.0000;5.0000
Twaren.graphml;20;20;1;0;19;1;1;0.6000;0.4000;1.6000;3.0000
Twaren.graphml;20;20;1;0;19;2;1;0.8000;0.2000;2.5000;3.0000
Twaren.graphml;20;20;1;0;19;3;1;0.9000;0.1000;2.0500;3.0000
Twaren.graphml;20;20;1;0;19;4;1;0.6500;0.3500;2.4500;3.0000
Twaren.graphml;20;20;1;0;19;5;1;0.8000;0.2000;2.1500;3.0000
Ulaknet.graphml;82;82;1;0;76;1;1;1.0000;0.0000;11.1500;2.0000
Ulaknet.graphml;82;82;1;0;76;2;1;1.0000;0.0000;8.3500;2.0000
Ulaknet.graphml;82;82;1;0;76;3;1;0.6500;0.3500;10.0500;3.0000
Ulaknet.graphml;82;82;1;0;76;4;1;0.7000;0.3000;9.5500;2.0000
Ulaknet.graphml;82;82;1;0;76;5;1;0.9500;0.0500;8.6500;2.0000
Uninett2010.graphml;74;101;1;4;66;1;1;0.3500;0.6500;12.0500;7.0000
Uninett2010.graphml;74;101;1;4;66;2;1;0.2000;0.8000;10.3000;14.0000
Uninett2010.graphml;74;101;1;4;66;3;1;0.6500;0.3500;8.7500;5.0000
Uninett2010.graphml;74;101;1;4;66;4;1;0.4000;0.6000;12.0000;10.0000
Uninett2010.graphml;74;101;1;4;66;5;1;0.0500;0.9500;11.0000;9.0000
Uran.graphml;24;24;1;2;19;1;1;0.6500;0.3500;2.8500;5.0000
Uran.graphml;24;24;1;2;19;2;1;0.3000;0.7000;2.3000;5.0000
Uran.graphml;24;24;1;2;19;3;1;0.8000;0.2000;2.1000;5.0000
Uran.graphml;24;24;1;2;19;4;1;0.7500;0.2500;2.0000;5.0000
Uran.graphml;24;24;1;2;19;5;1;0.6500;0.3500;2.8500;5.0000
UsCarrier.graphml;158;189;1;0;77;1;1;0.2000;0.8000;22.0500;16.0000
UsCarrier.graphml;158;189;1;0;77;2;1;0.6000;0.4000;18.5500;6.0000
UsCarrier.graphml;158;189;1;0;77;3;1;0.1000;0.9000;19.4000;12.0000
UsCarrier.graphml;158;189;1;0;77;4;1;0.7000;0.3000;22.0000;6.0000
UsCarrier.graphml;158;189;1;0;77;5;1;0.4000;0.6000;22.3000;14.0000
Uunet.graphml;49;84;1;1;9;1;1;0.5500;0.4500;10.5500;7.0000
Uunet.graphml;49;84;1;1;9;2;1;0.4500;0.5500;8.6000;8.0000
Uunet.graphml;49;84;1;1;9;3;1;0.4000;0.6000;9.9500;9.0000
Uunet.graphml;49;84;1;1;9;4;1;0.6500;0.3500;7.7500;6.0000
Uunet.graphml;49;84;1;1;9;5;1;0.6500;0.3500;10.4000;5.0000
Vinaren.graphml;25;26;1;0;24;1;1;0.5000;0.5000;2.5000;5.0000
Vinaren.graphml;25;26;1;0;24;2;1;0.6000;0.4000;3.0000;5.0000
Vinaren.graphml;25;26;1;0;24;3;1;0.5500;0.4500;3.5500;4.0000
Vinaren.graphml;25;26;1;0;24;4;1;0.3500;0.6500;2.7500;4.0000
Vinaren.graphml;25;26;1;0;24;5;1;0.7000;0.3000;2.8000;4.0000
VisionNet.graphml;24;23;1;2;4;1;1;0.1000;0.9000;2.7000;9.0000
VisionNet.graphml;24;23;1;2;4;2;1;0.1000;0.9000;3.1000;9.0000
VisionNet.graphml;24;23;1;2;4;3;1;0.6500;0.3500;2.6500;9.0000
VisionNet.graphml;24;23;1;2;4;4;1;0.4000;0.6000;2.4000;9.0000
VisionNet.graphml;24;23;1;2;4;5;1;0.4000;0.6000;3.0500;9.0000
VtlWavenet2008.graphml;88;92;2;0;42;1;1;0.1500;0.8500;10.6000;14.0000
VtlWavenet2008.graphml;88;92;2;0;42;2;2;0.2500;1.6000;10.8000;12.8000
VtlWavenet2008.graphml;88;92;2;0;42;3;2;0.2000;1.6000;10.2500;14.0000
VtlWavenet2008.graphml;88;92;2;0;42;4;2;0.0500;1.9000;11.4000;12.0000
VtlWavenet2008.graphml;88;92;2;0;42;5;2;0.4500;1.1000;10.6000;12.0000
VtlWavenet2011.graphml;92;96;1;19;46;1;1;0.0000;1.0000;10.9000;0.0000
VtlWavenet2011.graphml;92;96;1;19;46;2;1;0.0000;1.0000;10.3500;0.0000
VtlWavenet2011.graphml;92;96;1;19;46;3;1;0.0500;0.9500;11.8500;15.0000
VtlWavenet2011.graphml;92;96;1;19;46;4;1;0.5000;0.5000;9.6500;15.0000
VtlWavenet2011.graphml;92;96;1;19;46;5;1;0.3000;0.7000;9.4000;15.0000
WideJpn.graphml;30;33;1;3;0;1;1;0.5500;0.4500;4.2500;3.0000
WideJpn.graphml;30;33;1;3;0;2;1;0.3000;0.7000;4.8500;6.0000
WideJpn.graphml;30;33;1;3;0;3;1;0.8500;0.1500;3.7500;3.0000
WideJpn.graphml;30;33;1;3;0;4;1;0.2000;0.8000;3.4500;3.0000
WideJpn.graphml;30;33;1;3;0;5;1;0.7000;0.3000;3.8500;3.0000
Xeex.graphml;24;34;1;10;19;1;1;0.9000;0.1000;3.9000;2.0000
Xeex.graphml;24;34;1;10;19;2;1;0.7000;0.3000;3.8500;2.0000
Xeex.graphml;24;34;1;10;19;3;1;0.7000;0.3000;3.2000;2.0000
Xeex.graphml;24;34;1;10;19;4;1;0.8000;0.2000;3.1000;2.0000
Xeex.graphml;24;34;1;10;19;5;1;0.9000;0.1000;3.8500;2.0000
Xspedius.graphml;34;49;1;9;23;1;1;0.2500;0.7500;4.5000;14.0000
Xspedius.graphml;34;49;1;9;23;2;1;0.7000;0.3000;4.4500;6.0000
Xspedius.graphml;34;49;1;9;23;3;1;0.5000;0.5000;4.0500;8.0000
Xspedius.graphml;34;49;1;9;23;4;1;0.6000;0.4000;3.8500;6.0000
Xspedius.graphml;34;49;1;9;23;5;1;0.6500;0.3500;5.0000;8.0000
York.graphml;23;24;1;4;8;1;1;0.0000;1.0000;3.6500;0.0000
York.graphml;23;24;1;4;8;2;1;0.9500;0.0500;1.8500;3.0000
York.graphml;23;24;1;4;8;3;1;0.9500;0.0500;2.3500;3.0000
York.graphml;23;24;1;4;8;4;1;0.0500;0.9500;2.8500;18.0000
York.graphml;23;24;1;4;8;5;1;0.7000;0.3000;3.2500;3.0000
Zamren.graphml;35;34;1;0;28;1;1;0.3500;0.6500;4.0000;6.0000
Zamren.graphml;35;34;1;0;28;2;1;0.5000;0.5000;3.4500;6.0000
Zamren.graphml;35;34;1;0;28;3;1;0.4000;0.6000;4.4000;6.0000
Zamren.graphml;35;34;1;0;28;4;1;0.6500;0.3500;2.8000;6.0000
Zamren.graphml;35;34;1;0;28;5;1;0.5500;0.4500;3.7000;6.0000
